epoch,lr,train_loss,val_loss,train_dice,val_dice,train_iou,val_iou,train_precision,val_precision,train_recall,val_recall,train_dice_c1,val_dice_c1,train_iou_c1,val_iou_c1,train_recall_c1,val_recall_c1,train_precision_c1,val_precision_c1,train_dice_c2,val_dice_c2,train_iou_c2,val_iou_c2,train_recall_c2,val_recall_c2,train_precision_c2,val_precision_c2,train_dice_c3,val_dice_c3,train_iou_c3,val_iou_c3,train_recall_c3,val_recall_c3,train_precision_c3,val_precision_c3
1,0.0007,1.057739438329424,1.1086853265762329,0.09139183586637835,0.0004908191662075331,0.049258173739761615,0.00024563563812707225,0.07736296368308358,0.0002456368938435169,0.2808590165454299,0.26519489479039254,0.12183475131077441,0.0,0.06566042549995799,0.0,0.19255798093065288,0.0,0.12374914242677938,0.0,0.1287140683645127,0.0,0.07011741130955554,0.0,0.27776557653274436,0.0,0.09596100627195026,0.0,0.02362668792384797,0.0014724574986225989,0.011996684409771346,0.0007369069143812167,0.3722534921728925,0.7955846843711778,0.012378742350521122,0.0007369106815305508
2,0.0007,0.9986604877880642,1.0653858423233031,0.15967738274096324,0.0005675461409085105,0.09122704895232273,0.0002840753689781128,0.10940512472436725,0.0002849205518940807,0.4275810136931887,0.07046107853258436,0.2214485261141757,0.0,0.12664553417015853,0.0,0.42213364829548033,0.0,0.15736452550226052,0.0,0.2400254633735465,0.0,0.13817096870032758,0.0,0.5207398561394928,0.0,0.16180940500358246,0.0,0.017558158735167632,0.0017026384227255313,0.008864643986482089,0.0008522261069343384,0.3398695366445931,0.2113832355977531,0.009041443667258753,0.000854761655682242
3,0.0007,0.9692391412598746,1.0067265510559082,0.2574626340731586,0.0475639539049513,0.1579055059677219,0.024942151404831022,0.205170313915995,0.028861083761135952,0.45999323807119513,0.38517631658621887,0.312428602377684,0.016279803990773587,0.18606814572797353,0.008207234856915073,0.38220665947876864,0.015126214105299306,0.2733151171536868,0.01840388725578462,0.41785937254689104,0.10514030290618587,0.2659905135643106,0.0558400343355525,0.677995531184062,0.7082537187524678,0.3194079828697885,0.057275115653077885,0.042099927294900905,0.02127175481789445,0.021657858610881542,0.010779185022025505,0.31977752355075484,0.43214901690088947,0.022787841724509657,0.01090424837454536
4,0.0007,0.9469503777367728,0.9441611409187317,0.2403842390346779,0.13171993988726843,0.14720934996596918,0.07322036032694454,0.18804952396405963,0.08318503236424228,0.5541798097242677,0.591881949195529,0.2832851369893673,0.13896121333630676,0.16780498808275982,0.07508028014619493,0.3893694103048965,0.2618880608176076,0.24098358091298602,0.09962415711516978,0.3931632210379634,0.23777830853416185,0.25082726999426225,0.1352633834370265,0.6640727880793247,0.7827470934289688,0.2994378633032658,0.1406032699143959,0.04470435907670296,0.01842029779133665,0.022995791820885562,0.0093174173976122,0.6090972307885819,0.7310106933400103,0.023727127675927096,0.00932767006316119
5,0.0007,0.9184485980442592,0.9096252202987671,0.30635131731431403,0.20312309013091,0.19554883558317557,0.1195734095905845,0.23895389920075405,0.13066159110196823,0.6434458725032087,0.663803658770519,0.419252852627148,0.26435031085781385,0.2671817573910031,0.15472851588582504,0.5835346172975577,0.5778358598509041,0.3378919158879287,0.17666348612257637,0.44718385804799043,0.32336443959199035,0.2922924640794964,0.19301590551470943,0.6593342459317602,0.7827368963869407,0.35149797057767973,0.2043049506212356,0.05261724126780359,0.02165451994292589,0.027172285279027267,0.010975807371219054,0.6874687542803085,0.6308382200737123,0.02747181113665364,0.011016336562092728
6,0.0007,0.8972543341772897,0.8819260954856872,0.3478542528284261,0.2601533974772696,0.23036927586355266,0.16152837365832556,0.28740617511141014,0.18824193629736985,0.6610309864482924,0.6865817007913592,0.45848814232833207,0.4130162238077723,0.30306241663123057,0.266878624431325,0.648365747137399,0.5920273232954096,0.3608224560540708,0.3323020363193709,0.5120415547232948,0.33288145210276004,0.3500222134616116,0.20004369396684277,0.6070424646966295,0.746089631444041,0.4625054393063814,0.21471851600732297,0.07303306143365135,0.03456251652127655,0.03802319749781581,0.017662802576808904,0.7276847475108481,0.721628147634627,0.038890629973778026,0.0177052565654157
7,0.0007,0.8856306757245745,0.8684983611106872,0.3770179182243242,0.26034018187627295,0.2560522947855676,0.15981238364273906,0.3164700324984911,0.18850171947978273,0.6441673624952232,0.6463814328226397,0.5365521350057814,0.38954035160831424,0.37232985887327763,0.24726646725824536,0.6786264868912661,0.5512081603390525,0.45903098677569676,0.31775384088022146,0.5294311890597062,0.34315895930728113,0.36195092544529367,0.20725767420216837,0.6379496070963213,0.7507509018426892,0.45590053615159676,0.22263847836178383,0.06507043060748498,0.048321234713223686,0.03387610003813159,0.0249130094678034,0.615925993498082,0.6371852362861774,0.034478574568180015,0.025112839197342827
8,0.0007,0.8669236183166504,0.8829416632652283,0.3471004236738634,0.20451828395665297,0.23208725792031634,0.11754750283468436,0.28324125048000565,0.1511546084192719,0.6856637765582381,0.5703332504562919,0.36560829140863627,0.2467385267478516,0.23516138541413345,0.14175633215121614,0.5694271349741356,0.29838849284311836,0.2825104457717198,0.23504535129742452,0.5567933815595316,0.2968871662588368,0.3965412777356043,0.17432360317873827,0.6549280210168988,0.820131092953465,0.5015276451203379,0.18126109159155115,0.11889959805342219,0.06992915886327052,0.06455911061121124,0.036562573174098695,0.8326361736836796,0.5924801655722922,0.06568566054795907,0.037157382368839996
9,0.0007,0.8676303216389247,0.8731690406799316,0.322038104630949,0.23643544623517201,0.2053853574523633,0.14315201342834324,0.26393428157733567,0.24221705960120074,0.6506692925302788,0.6081816886973194,0.38000746974474314,0.4112247266528773,0.23565337333706998,0.26015247892438126,0.4822437160891791,0.334361770899946,0.33262457250879035,0.5546199009783594,0.4916647294942566,0.2601702942783754,0.3299123449387869,0.14988785560430415,0.6857158766441759,0.9023944024724113,0.40792408574541283,0.15244394521992297,0.09444211465384751,0.03791131777426326,0.05059035408123291,0.019415705756344357,0.7840482848574818,0.5877888927196007,0.05125418647780398,0.019587332605319894
10,0.0007,0.866262800352914,0.875343406200409,0.3638772314014401,0.1987893714396203,0.24175596967370047,0.11411549603768158,0.3153250983129498,0.1490758844282247,0.6361311597311368,0.5806505092919024,0.46516673666151,0.2673246070549364,0.31378656681246986,0.15611988958312842,0.5214122477902409,0.3122043503906929,0.45075610979757774,0.2574829692749129,0.5048826653229629,0.26211402104065573,0.3464467348710509,0.1513008801774643,0.6573180006483881,0.8880431416124434,0.42655383012336506,0.15407647287140275,0.12158229221984744,0.06692948622326872,0.06503460733758067,0.03492571835245198,0.7296632307547813,0.541704035872571,0.0686653550179065,0.0356682111383584
11,0.0007,0.8497337903295245,0.8171396374702453,0.33273560796183677,0.3978155419575867,0.2170266352046488,0.2768654532565054,0.2603410289279771,0.3706401791938319,0.6807181340192487,0.5897136094685519,0.3556312299326416,0.6544862825300201,0.22900502586141117,0.49077018162203223,0.4892217811515257,0.6275436987026582,0.29685929670000183,0.6844190135270167,0.5190780518769508,0.4572568810409297,0.35473220145451523,0.2967761097197833,0.7272744472309226,0.5665022694083272,0.41514831445825884,0.38352600179240975,0.12349754207591777,0.08170346230181037,0.06734267829802008,0.04305006842770082,0.8256581736752981,0.5750948602946703,0.06901547562567084,0.04397552226206901
12,0.0007,0.8368036712918963,0.8072945356369019,0.39770720645517244,0.40787296782904353,0.26875964711813194,0.2888588066326586,0.33804602985427135,0.4102212640783983,0.6744339920216461,0.5529392883317166,0.5323033950671546,0.6989738614377106,0.36534077442212287,0.5392186170403193,0.6650146126134454,0.6732531590475038,0.4527927846159619,0.7267652186759429,0.5499498314860869,0.4388565214605125,0.3817486410216088,0.28203334362306004,0.6574297719527925,0.42178409194476146,0.5001995821466677,0.4574720311209062,0.11086839281227585,0.0857885205889075,0.0591895259106641,0.045324459234596416,0.7008575914987003,0.5637806140028846,0.06114572280018433,0.04642654243834609
13,0.0007,0.8270424195698329,0.7924460172653198,0.39303567888116014,0.3989997462140557,0.2637248190054998,0.278245284862202,0.3262671358112381,0.3550358731014903,0.6872223374157012,0.6444750727308962,0.5357974685470048,0.6591938840450876,0.37484951727385185,0.4967351373265505,0.6954748756812213,0.6709975942709815,0.4568163514659988,0.6489837346927717,0.49670166219019674,0.44901163582479386,0.33279302206719213,0.29099523832562496,0.6268339732070082,0.5758460440689531,0.4340247778622858,0.36865768853701986,0.1466079059062788,0.08879371877228572,0.08353191767545563,0.04700547893443062,0.739358163358874,0.6865815798527541,0.08796027810542967,0.047466196074679265
14,0.0007,0.814523914882115,0.8009931683540344,0.40067569893874083,0.32102351018680864,0.2639169559827173,0.20840414289323667,0.3380627648337959,0.25698599568186997,0.7103961779886532,0.5759598864073898,0.46443478742094674,0.507242602234,0.3072187064966499,0.3465194855433134,0.6453581889863677,0.5725998576360346,0.3733472647004452,0.4731262192876271,0.5474495250771627,0.3972219539309938,0.3786914203531217,0.24827581504485857,0.5975058390884112,0.7857730751300103,0.5332659971186533,0.2660048075416926,0.190142784318113,0.058605974395432046,0.10584074109838022,0.03041712809153806,0.888324505891181,0.36950672645612453,0.10757503268228914,0.03182696021629028
15,0.0007,0.8033201592309135,0.7969790101051331,0.37437557912335456,0.31843835011360966,0.24233527225519036,0.20347796212717215,0.2919328048082244,0.2687970971576445,0.7091126244524248,0.6750305831504072,0.4189511225022572,0.4999373265841369,0.27104171107404645,0.33788200861439677,0.5383555464734375,0.4895700194298264,0.35048285803399093,0.5236616124617375,0.5119415701951506,0.3696744087688696,0.3478517932857325,0.2272749827776107,0.7020222793660793,0.8425931339561757,0.415718449909016,0.2370533334826586,0.19223404467265598,0.08570331498782251,0.10811231240579215,0.045276894989509035,0.8869600475177577,0.6929285960652193,0.10959710648166653,0.045676345528537325
16,0.0007,0.8233104058674403,0.7805906295776367,0.35030130562818235,0.38491074708752643,0.22851409347470408,0.25911368286330855,0.2910415277762592,0.2984221992362259,0.6381150635933434,0.6706911841055124,0.5169286141151065,0.5843013673380685,0.3512800457712905,0.4222103594905944,0.5910129549333281,0.7225457110427835,0.4755124323183372,0.5036705405467902,0.4251215244818223,0.44485669639507475,0.2758719578524218,0.2869961376742768,0.6188308910309946,0.7312663718034479,0.3366041985038457,0.3208525156136386,0.10885377828761819,0.12557417752943606,0.05839027680040001,0.06813455142505445,0.704501344815707,0.5582614694703061,0.061007952506594645,0.070743541548249
17,0.0007,0.7965907233101981,0.7777492761611938,0.4267636233154148,0.43636146717443736,0.28661571676553016,0.30574649929682235,0.3672510554335057,0.39808136790561904,0.631544503578685,0.5614042263541595,0.4954183688804356,0.668390563648967,0.33379763384717925,0.5058235014149947,0.6644160876854155,0.6466621818602476,0.406873267567218,0.6936306742303562,0.5562455757709649,0.49969004999564065,0.3897152312555939,0.3341004905366635,0.5724718885427016,0.6266501867517685,0.5490604414348864,0.4155094786399518,0.22862692529484394,0.14100378787870443,0.1363342851938172,0.07731550593880877,0.6577455345079376,0.41090031045046255,0.14581945729841267,0.08510395084654918
18,0.0007,0.7890582084655762,0.7934032082557678,0.38662522151581086,0.378422620899485,0.2513247025863246,0.2648875382348647,0.3251120443245655,0.3442893341279016,0.6872709934056216,0.6793667595356259,0.45518376551636297,0.6493563858552448,0.30135446396519355,0.4861421280739169,0.5286529520224518,0.6454482074749308,0.41277268706169173,0.6592242320789093,0.5012632709529048,0.4466520708002564,0.3359620221593156,0.2883970113036635,0.6227056543699969,0.6067258896927814,0.4447804125244459,0.35351122634438376,0.20342862807816472,0.03925940604295383,0.1166576216344646,0.02012347532701353,0.9104543738244159,0.7859261814391656,0.11778303338755879,0.02013254396041176
19,0.0007,0.7887911966868809,0.7722240090370178,0.38670552364066924,0.403424334614793,0.2619340286123829,0.2855536384692551,0.3323096425210624,0.3757640705831597,0.7051782865856848,0.56985365600743,0.5758465922775885,0.6935491896438606,0.4070173365300573,0.5337516113072435,0.6437258814118558,0.6916966099330464,0.5376401075187762,0.6954235845937012,0.4776206327594973,0.4382483246486927,0.32195192538860495,0.28164779880740726,0.6325605974039252,0.502928173199678,0.4016771328357014,0.38939437688548895,0.10664934588492193,0.07847548955182587,0.05683282391848659,0.04126150529311444,0.839248380941274,0.5149361848895656,0.05761168720870943,0.04247425027028895
20,0.0007,0.7808485303606306,0.7615967869758606,0.3868194935330761,0.3984632736727994,0.2519957537356077,0.2663787444138111,0.3193991476848387,0.3058909943854616,0.6781655616862804,0.6701976524168364,0.5093143786142474,0.5720410812774492,0.34846564858111084,0.41070000623070146,0.6992392129483832,0.8113826813852363,0.4122152863257171,0.45430898459799013,0.42289035430717115,0.451254563780687,0.2708097415874922,0.29201856525016334,0.4969534073847221,0.600383094080515,0.4015348552744878,0.3628777748955676,0.22825374767780968,0.17209417596026164,0.13671187103821988,0.0964176617605685,0.8383040647257358,0.5988271817847575,0.14444730145431103,0.10048622366282677
21,0.0007,0.7588445084435599,0.758661437034607,0.4573365566295827,0.44241666217630005,0.31080310890314217,0.3020588616028166,0.3940555743502502,0.3812938991007318,0.69447806033035,0.5866745897477511,0.5537448611274705,0.6377025149422864,0.38471780870433087,0.47170463392026274,0.743561088641043,0.6335402293147175,0.44321522293130783,0.646698215978713,0.5574621896912679,0.4685004290042851,0.3933500620108179,0.3062314383205777,0.5551295238313252,0.7674631880843104,0.5795023438559253,0.3375025976170688,0.26080261907000946,0.22104704258232868,0.15434145599427776,0.12824051256760935,0.7847435685186814,0.35902035184422554,0.15944915626351744,0.15968088370641353
22,0.0007,0.766971116406577,0.7492860913276672,0.4259885865170723,0.41084979762134566,0.28130076330309217,0.28487970447102334,0.3563449164395146,0.3483351834518568,0.6618589798549122,0.6575005045587682,0.546395116865171,0.6651083883282961,0.380629949872465,0.5025805532856346,0.5675237703255109,0.6801914396075082,0.5442171514148745,0.6545242871258066,0.4630554770167053,0.44000414017743034,0.305489829046067,0.28282588071350845,0.6800980685620702,0.7152835131877237,0.3595044205244888,0.31885327658939033,0.26851516566934036,0.1274368643583105,0.1577825109907445,0.06923267941392715,0.7379551006771555,0.5770265608810727,0.16531317737918044,0.07162798664037354
23,0.0007,0.7374864442007882,0.7420844316482544,0.4528867338006712,0.43507965486769073,0.3034478208271503,0.303848600100808,0.37905784231323625,0.3727220471104392,0.7284053769703763,0.6381440278177316,0.5539274666883721,0.6759839385331536,0.3867807292355726,0.5150884321070566,0.6924738553882226,0.6961365864026595,0.4636683075072205,0.6608500110187151,0.5317547866032021,0.47000806050150634,0.364120744261113,0.3080330724207684,0.5685343876207972,0.6638974287530341,0.5118874858738667,0.3643391547254757,0.27297794811043935,0.15924696556841259,0.15944198898476547,0.08842429577459925,0.9242078879021092,0.5543980682975013,0.1616177335586215,0.09297697558712659
24,0.0007,0.7421133262770516,0.7625442862510681,0.45948924143815645,0.37585047644369424,0.30934958796917056,0.24185275598762884,0.4100551783975468,0.31522307442344866,0.6662240672214796,0.530859117684876,0.4784588839401137,0.507924337805695,0.3208657721805445,0.34501816528362617,0.5731334754262439,0.5300764695691866,0.43911616934957576,0.5067483711337063,0.5770101342035546,0.4218377840588841,0.40789177036884455,0.2676958298351328,0.6227833511050903,0.7600517631001446,0.5833270136568014,0.29197934048949187,0.322998706170801,0.19778930746650372,0.19929122135812233,0.11284427284412762,0.8027553751331047,0.30244912038529687,0.2077223521862633,0.14694151164714775
25,0.0007,0.7389720303671701,0.739793884754181,0.39472056879633105,0.38281076841708456,0.25624442540936987,0.25881193665338686,0.3188774727762923,0.3609752145574568,0.7042678209619114,0.6790347322181528,0.3879221557406775,0.6019056887523467,0.244752594875099,0.4333718912497775,0.4206638020871127,0.5215471329612568,0.37586000537547415,0.7115374374933501,0.5157004787207395,0.4531381867468609,0.35599485521432805,0.2934753284745194,0.7789990689525543,0.7671610650755694,0.4072102550949829,0.32158676006403114,0.280539071927576,0.09338842975204602,0.16798582613868268,0.0495885902358636,0.9131405918460672,0.7483959986176323,0.17356215785841972,0.04980144611498914
26,0.0007,0.7208244068281991,0.7401416778564454,0.4559721681095195,0.43055679336106206,0.30444226934196883,0.2932921385021531,0.39023577643352164,0.36748861187051973,0.6972829026526575,0.6195902259321863,0.5104830117779529,0.6482543259106929,0.3466385326349871,0.4827735774162706,0.5143233469629224,0.6391839785619904,0.5211579422638447,0.6595763254440729,0.5313299549910978,0.42415503621746975,0.36400448974019123,0.2700630306790693,0.7310205841938374,0.7098937016509527,0.4398104019636595,0.303216573217056,0.32610353755950783,0.21926101795502353,0.2026837856507282,0.12703980741111937,0.8465047768012125,0.5096929975836162,0.209738985073061,0.1396729369504304
27,0.0007,0.7412994861602783,0.7318622469902039,0.4165595204305975,0.4219015723313981,0.2767587425912418,0.28253058986767887,0.3605665017945458,0.32187947182677035,0.6135192162676424,0.7006736810786537,0.5064969622327473,0.5683251551158583,0.3463640830315877,0.4068583582570995,0.6185249699044381,0.7562438085490549,0.4401835437271274,0.4710835981003222,0.47569763361983897,0.4727282058758581,0.3133253955723796,0.3100603012321164,0.5356978070197688,0.6928624364828804,0.45621396581173324,0.35888967976540725,0.26748396543920633,0.2246513560024778,0.17058674916975783,0.1306731101138207,0.6863348718787207,0.6529147982040259,0.18530199584477666,0.13566513761458168
28,0.0007,0.7147716249738421,0.7165638566017151,0.47818990849125625,0.4783673567298324,0.3273594804272524,0.33490927237489587,0.39834346423182393,0.4301132328102895,0.7365283481516904,0.6385992371400896,0.5134447635372175,0.6769199253568091,0.35286162938428434,0.5138969275111862,0.7288085474205627,0.647646313176949,0.41355247299423176,0.7094836148126584,0.6073347043138709,0.5145779614056594,0.43761092062773327,0.3471535467903647,0.6482183474979232,0.6414525365690412,0.5822034191775962,0.4296702635301276,0.3137902576226804,0.24360418342702897,0.19160589126973965,0.14367734282313668,0.8325581495365852,0.6266988616742784,0.19927450052364398,0.15118582008808257
29,0.0007,0.6967060276440211,0.7271999597549439,0.5191408374301469,0.43599400607798416,0.36026761218956843,0.2987698558173463,0.450047303838175,0.4308681763256196,0.7125830099181282,0.5658521471099203,0.5630756080232253,0.64184087239206,0.3942464206629145,0.474552631237882,0.5790165996381993,0.5415868849342351,0.5602185976971485,0.7906001850695905,0.6174529266451175,0.4772746133135031,0.44867544689075806,0.31468469286822326,0.7362619619499264,0.6217163656419358,0.5360603979422099,0.38729541189728073,0.376893977622098,0.1888665325283892,0.23788096901503267,0.10707224334593356,0.822470468166259,0.5342531907535901,0.25386291587516646,0.11470893200998762
30,0.0007,0.7161363431385586,0.745895254611969,0.4378427868615218,0.33832463978274674,0.29337340657482525,0.22224084522232218,0.3669731874968463,0.24978727722959662,0.7115991472616453,0.7277544358134321,0.5312162560458372,0.5024528375214683,0.3666266219289759,0.3457420330296632,0.59421519334831,0.7710337541929719,0.5022352959249512,0.38735716997603803,0.510721565086464,0.44096276934177786,0.34740497525131286,0.28352624418857647,0.65574504254868,0.691981191745842,0.4290317527381036,0.32435522699521946,0.27159053945226413,0.07155831248499409,0.1660886225441871,0.037454258448726865,0.884837205887946,0.7202483615014825,0.1696525138274844,0.0376494347175323
31,0.0007,0.6757014547075544,0.7327491521835328,0.5141915879840376,0.4718701379385157,0.3569566753185263,0.330278921841402,0.44328894166825916,0.5036183631091063,0.731735650128292,0.46169443357108786,0.5123839384393138,0.6864138359972712,0.3515911243313069,0.524111405559455,0.7056291400328345,0.7051836995516952,0.41481668728364973,0.6687141165878034,0.6247553070106433,0.4933680726044536,0.455647552838918,0.32842690929918505,0.6213793209700313,0.504390805025575,0.6394631625093717,0.48281893884374794,0.40543551850215587,0.23582850521382195,0.2636313487853541,0.13829845066556593,0.8681984893820098,0.1755087961359934,0.27558697521175607,0.35932203389576756
32,0.0007,0.6882426874978201,0.7472546219825744,0.5097733018599719,0.3492348870592154,0.35278167869912946,0.22957903179786682,0.4397368674822442,0.33081861450475714,0.664922185728091,0.5882705493126357,0.42813326968026677,0.5724975835110929,0.2819527568231041,0.403112825964454,0.5079560906720252,0.5152852326303013,0.39583676510281246,0.6482455900364829,0.6143839201181734,0.3807841069321741,0.44434140915524256,0.23545189357644838,0.746274850478295,0.5416961290044251,0.5329445036056493,0.2936247733841242,0.48680271578147544,0.09442297073437916,0.33205087011904194,0.05017237585269807,0.7405356160339531,0.7078302863031811,0.3904293337382709,0.05058548009366435
33,0.0007,0.7090662905148097,0.7089303374290467,0.38742800350361833,0.40493999658614316,0.25094896438522984,0.27558692614053787,0.33413215670538426,0.3712648840781984,0.6785577108561964,0.6315635201083298,0.45186668546555764,0.6302037924321374,0.29403977208550774,0.46240223961251814,0.4891329390607345,0.5910355926067952,0.4320205769949493,0.6749516494041019,0.5010392123963765,0.4496344170035874,0.33943611646927346,0.2906492682978043,0.6266525759638318,0.5880978790694038,0.4492933029417658,0.3643234784564857,0.20937811264892084,0.13498178032270464,0.11937100460090837,0.073709270511291,0.9198876175440227,0.7155570886487908,0.12108259017943794,0.07451952437400779
34,0.0007,0.6667767490659441,0.731588876247406,0.4891041200735913,0.3572159059152399,0.33389486022667403,0.2257557608116808,0.43668560223258307,0.2784714603754329,0.6670609783604461,0.6005706231108251,0.5166135316432183,0.4762285526001491,0.3533472431970168,0.3174894265843285,0.6165906313663623,0.5350674508938297,0.4524529135605085,0.44597628215810137,0.5781601270495025,0.38246369955870574,0.4081656567295647,0.23695240342818302,0.5861817549060037,0.8311839148182095,0.5900907615391872,0.24849805207765469,0.3725387015280528,0.2129554655868649,0.2401716807534406,0.12282545242253079,0.7984105488089724,0.43546050362043653,0.26751313159805373,0.14094004689054265
35,0.0007,0.6903523666518075,0.7284049153327942,0.4497564353375258,0.3019785277288443,0.29850017878865864,0.18329753303103374,0.3775069401461784,0.27569883949054746,0.6871690768180662,0.6450294035464013,0.5132456569276866,0.40984835276493253,0.34832169902847393,0.25881609038809844,0.5987618363548528,0.34716833402728936,0.4667151237362214,0.5283036639094487,0.5199783342299168,0.33722326788672574,0.3549565667013676,0.20288832471409676,0.6075371875828819,0.8624283278044823,0.46584546132487664,0.20959483937922965,0.31604531485497384,0.15886396253487467,0.19222227063613434,0.08818818399090603,0.8552082065164639,0.7254915488074319,0.1999602353774371,0.08919801518296401
36,0.0007,0.6791424615042551,0.7212599396705628,0.4803418689604547,0.44691157211907745,0.3248208511183193,0.3037994207376725,0.417148093814281,0.46133452022468735,0.6487149734415819,0.4885558797673807,0.5330847225464822,0.6140568428410099,0.36649707851855046,0.4453372881296921,0.5281558393572392,0.5050140503747536,0.5486874362622386,0.7870758718070598,0.5213446964698375,0.4964806539886281,0.354750290860796,0.3316198864702863,0.6964005641482286,0.7150516572276493,0.4259465033200121,0.38031679747733554,0.3865961878650446,0.23019721952759428,0.2532151839756111,0.1344410876130392,0.7215885168192778,0.24560193169973923,0.2768103418605922,0.21661089138966655
37,0.0007,0.6241482836859567,0.6906713366508483,0.5615461251852369,0.43702817482081274,0.3959280506793375,0.30305956076156215,0.482589523434892,0.3613461831482859,0.7411786243818783,0.6358269125835598,0.6254681482962227,0.6590194150192308,0.46126734559664034,0.49757265214615803,0.7249695235288258,0.7624604467935471,0.5598089128496472,0.585569458142165,0.5727259612372612,0.4720436028498405,0.4019076150045045,0.31018392695639824,0.6622664441323624,0.5964173244188385,0.5390705197233665,0.39079136618428245,0.4864442660222273,0.18002150659336688,0.32460919143686773,0.10142210318213032,0.8362999054844471,0.5486029665382939,0.3488891377316626,0.10767772511841049
38,0.0007,0.6464670436722891,0.7111133098602295,0.523317957971432,0.45490551117270644,0.363354828555353,0.31910818201711016,0.45496860258625144,0.42069639428544237,0.7068449329663575,0.5137941314284312,0.5595748587296819,0.6726762777598128,0.3947585810849502,0.5113344445176461,0.7394814276610023,0.7598443406176387,0.46004399581705124,0.6078556655437162,0.5777900933469438,0.5092958021843189,0.407581286227495,0.3428361126656492,0.5817715419039962,0.6281058356619752,0.5826867202447431,0.42833204448491125,0.4325889218376704,0.18274445357398778,0.28772461835361374,0.10315398886803534,0.7992818293340743,0.1534322180056798,0.32217509169695996,0.22590147282769985
39,0.0007,0.6070994070598057,0.6670547127723694,0.5269235189388832,0.4899906509597963,0.3693534880234715,0.3405214704553562,0.4507354549156331,0.4287120923286618,0.7241130455809387,0.6284588375327606,0.5362719384759822,0.6618503562547359,0.3721316069972041,0.49727380980171143,0.6851418040251089,0.6399800123542525,0.4472638606603517,0.6873824571179912,0.5572278765305823,0.4946173231207148,0.3896275121125269,0.32933976446655605,0.6696743083411518,0.7392909466065891,0.5258785942754317,0.37166822940247335,0.487270741810085,0.31350427350393856,0.34630134496068354,0.194950837097801,0.8175230243765554,0.5061055536374401,0.379063909811116,0.22708559046552068
40,0.0007,0.6231356092861721,0.653679347038269,0.5192655898181578,0.49157926658906287,0.35786089368737667,0.3416082710474258,0.4558454738499767,0.45630826502596045,0.706479862978061,0.6250896017160643,0.5538301909934962,0.6631036185558565,0.38491395401164885,0.4973503800883192,0.5836549928461793,0.5945171912915921,0.5359964249329707,0.7498882374066722,0.5554225837613391,0.4994196827011638,0.387096398421228,0.33352008388697674,0.6917447844608675,0.6300444734656065,0.5069410848776331,0.41365822343082315,0.4485439946996383,0.3122144985101686,0.3015723286292529,0.19395434916698132,0.8440398116271359,0.6507071403909944,0.3245989117393264,0.20537833424038604
41,0.0007,0.6475342086383274,0.6974493145942688,0.5112430968896923,0.434742681076336,0.3578662864568626,0.3041173581856532,0.452173599476221,0.3782429876325795,0.6795723972211276,0.5308442041161822,0.6087686515800126,0.6826365384777666,0.43813013791299726,0.5222120380676513,0.6364434689656481,0.7461618290328039,0.5969867674898766,0.6317708931750244,0.6030638327822205,0.4639645525855972,0.43323089121150704,0.30271358192413894,0.7280669053576628,0.5695856850069354,0.5358797369506837,0.39276856134604576,0.32189680630684353,0.15762695216564418,0.20223783024608344,0.0874264545651695,0.6742068173400722,0.27678509830880726,0.22365429398810285,0.11018950837666823
42,0.0007,0.6014770252364022,0.6494037866592407,0.5465321422998285,0.4800545589307257,0.38472129884126277,0.3339835198627817,0.48515800092478484,0.40668141524531953,0.6977335863320204,0.6325029401760772,0.5841880389642393,0.6631345158197507,0.4192211494459442,0.5022843093689776,0.7561304758348559,0.8098172330241129,0.49833970412896605,0.5687695035743145,0.5770820588468293,0.4882562688201559,0.40888229254897457,0.32348142888737574,0.6043480602196956,0.5247388451811208,0.5839797123271887,0.4570815008482149,0.47832632908841666,0.2887728921522703,0.3260604545288695,0.17618482133199156,0.7327222229415098,0.5629527423229977,0.37315458631819964,0.19419324131342908
43,0.0007,0.584695383480617,0.6391396760940552,0.5467103367248031,0.5051884716321244,0.3855914735297892,0.3542008848848743,0.4660945523133408,0.4734126069962924,0.730544851851986,0.5796200648774569,0.57564862157055,0.6725055203413597,0.4095568646549968,0.5086278903992336,0.7257853991240338,0.6290228077787391,0.48450274118227704,0.7224646670564309,0.6217359032921581,0.5161725919380191,0.45223505896956845,0.34856495047287667,0.6637769700029441,0.5885541857516008,0.5994054618252577,0.45967641531615216,0.44274648531170097,0.32688730261699445,0.2949824969648023,0.20540981378251272,0.8020721864289799,0.5212832011020309,0.3143754539324875,0.23809673861629416
44,0.0007,0.5695809313229152,0.6490505576133728,0.5622461044921987,0.47609476617620955,0.4012042346198088,0.3320847060158182,0.507321473898783,0.44203346675137306,0.7227472217739244,0.5668182961161874,0.6123807982308984,0.6843460670229393,0.44199446935518427,0.5210655980419386,0.6213859116605707,0.654413163008006,0.6211627525710166,0.7173210053171827,0.5844790263341955,0.48441248991364166,0.42153757669261527,0.3203025966307364,0.732764112366179,0.5495946746351285,0.5162574674241089,0.4330958011871511,0.48987848891150226,0.259525741592048,0.3400806578116267,0.1548859233747795,0.8140916412950236,0.4964470507054279,0.3845442017012237,0.17568359374978554
45,0.0007,0.5345336760793413,0.6551780104637146,0.5718625500209621,0.4903738824804814,0.4116557087856328,0.34170992008810247,0.5227911865975693,0.4402116755878845,0.6877574831310606,0.5585194979636245,0.5470643409520668,0.6663595198413539,0.380136629365721,0.5036900716535412,0.6282806371896456,0.7325467823936129,0.48986542949536827,0.6160838720122821,0.5990027504044176,0.49414865969330996,0.42925860111803676,0.3287195320553705,0.6754848604690666,0.6033083655170596,0.5818719290076956,0.41843842959241184,0.569520558706402,0.31061346790678024,0.4255718958731405,0.19272015655539584,0.7595069517344689,0.33970334598020113,0.49663620128964414,0.2861127251589596
46,0.0007,0.5288015689168658,0.6050839900970459,0.6023301746023878,0.5147769485713383,0.4347770582654004,0.3666341393406006,0.5286989837158413,0.4577237353288266,0.7299097926869567,0.6395478023800678,0.5813456319591479,0.7089923243201426,0.4104144819827464,0.552662007812544,0.66893798517031,0.7865034398303279,0.516045284016003,0.648647260011783,0.6207584562952801,0.5126323287961846,0.4513825004710486,0.34512171787550927,0.7080151991391417,0.5200668386469297,0.5767821323230538,0.5054081149055675,0.6048864355527351,0.3227061925976878,0.44253419234240643,0.20211869233374857,0.8127761937514184,0.6120731286629456,0.49326953480846764,0.2191158310691293
47,0.0007,0.5153893215315682,0.6691262483596802,0.5857112388001928,0.47105152863600863,0.4220827666573637,0.3331499143244439,0.5415267638700233,0.4518305834570065,0.6750612355742223,0.5012200319054887,0.5282083054982981,0.7065131102490625,0.3701764869574158,0.5489849363693569,0.6383875374000099,0.7523898842050748,0.47105932770998343,0.6672207381002013,0.5758743898421298,0.49073632047075993,0.4059277484420578,0.32567269080496775,0.6017386357567702,0.4717255409362947,0.5795444467900709,0.5124029567156442,0.6530510210601503,0.21590515518820314,0.49014406457261767,0.1247921157990071,0.785057533565887,0.2795446705750964,0.5739765171100157,0.1758680555551739
48,0.0007,0.48960925340652467,0.6228844165802002,0.5734747552661814,0.49010595007928,0.4106133010156255,0.3375138535666826,0.5329551154200897,0.47335932378769197,0.6585044942552545,0.5254246226569688,0.5167246331240608,0.6416082548199443,0.3488655863438191,0.4731827099598718,0.6095892093333931,0.5877214612499969,0.45543595846577756,0.7063873329209274,0.5735155027959525,0.4783263992787395,0.40624757502179254,0.31504484020087803,0.5909924548846652,0.5627504060324853,0.596904104446467,0.4160296787129411,0.6301841298785309,0.3503831961391564,0.47672674168126505,0.224314010539298,0.7749318185477044,0.4258020006884243,0.5465252833480244,0.2976609597292075
49,0.0007,0.5201815468924386,0.643250024318695,0.5651113583516084,0.4683689741649065,0.41273559856886505,0.3165181392834384,0.5202632072746418,0.5099302444012427,0.686842017692456,0.509205746145653,0.5310570249385468,0.5979169528886129,0.3703278321936542,0.42805713779773236,0.538610691657383,0.5198811027222374,0.5278180356266255,0.7036334523311747,0.5899269959085977,0.4673066138419519,0.43366526121340354,0.3057182997057181,0.7588954163623672,0.7464046420971339,0.5407414756443287,0.3402047472002374,0.5743500542076814,0.3398833557641546,0.43421370229953754,0.2157789803468648,0.7630199450576175,0.2613314936175877,0.4922301105529711,0.48595253367231594
50,0.0007,0.5009905627795628,0.6074691414833069,0.5674812398575072,0.48406109575193157,0.4049548331719401,0.33404808100254707,0.5066414038167774,0.43034741462882037,0.697128444785293,0.5764494798715429,0.5370722703293476,0.6472090057088262,0.3734081712172053,0.4818893236601977,0.5888387066635774,0.6475087469195,0.50645685353043,0.6483407283924936,0.5683723681197755,0.47236171825195383,0.402555364367802,0.31030329529804795,0.7668643608597949,0.6626606654457984,0.48402116845212506,0.36702093473234226,0.5969990811233987,0.33261256329501493,0.43890096393081285,0.2099516240493954,0.7356822668325066,0.4191790272493302,0.5294461894677771,0.27568058076162505
51,0.0007,0.5637602908270699,0.5995847582817078,0.5415576727043916,0.487060356495977,0.3843321559195918,0.3395503754675296,0.48533140609716036,0.428780347641674,0.6620537349317074,0.5859768945278173,0.526782659022691,0.6736067487596172,0.3685333973404334,0.5117459359270644,0.6773253047523045,0.6856284227168609,0.44820009700329505,0.6632060594865631,0.6340310737275128,0.47994241888820066,0.4657831830179174,0.31647529529124724,0.6975012534743702,0.6398772867390722,0.6017834214300571,0.3843995044825243,0.46385928536297083,0.30763190184011335,0.31867988740042474,0.19042989518427703,0.6113346465684478,0.43242497412751835,0.40601069985812904,0.2387354789559346
52,0.0007,0.5184359431266785,0.6293904304504394,0.5431857694392752,0.4490919261920042,0.3846944371708527,0.3078379000200868,0.49781525585155606,0.3838687568354123,0.6409914421938939,0.6118063996447098,0.5636367587745892,0.640105038036521,0.3972622486974657,0.4755100861558602,0.6565243313173599,0.6378245066221181,0.5024638688898583,0.6486798894095579,0.5249210902942447,0.4738187330700552,0.35775093381565,0.31140545037153683,0.5425458702331487,0.7665495043176374,0.522485650535995,0.3429468650297986,0.5409994592489916,0.23335200746943663,0.3990701289994425,0.13659816353286336,0.7239041250311733,0.4310451879943738,0.4684962481288149,0.15997951606688007
53,0.0007,0.4420941472053528,0.5382134914398193,0.624205895018689,0.5580036344241132,0.45865370945675843,0.40227340710555554,0.5754174569299266,0.5264136055258397,0.7060714683702008,0.5997057903267204,0.5917410204105208,0.6915508535377287,0.4227258978326396,0.5302812760011762,0.6068617702013671,0.6816766059713838,0.5879881911976833,0.7025714032814413,0.60913807542938,0.5458515403994971,0.44473462790323354,0.37630741511195487,0.7293576608517106,0.6254090299294128,0.5465781054998148,0.48426226061490174,0.671738589216166,0.43660850933511386,0.5085006026344022,0.3002315302035356,0.7819949740575248,0.49203173507936515,0.5916860740922818,0.3924071526811763
54,0.0007,0.4121591065611158,0.5583043932914734,0.6155523510009141,0.536397913585409,0.45323351609317536,0.3833635921153301,0.5666200862260606,0.52644424249263,0.700200208157727,0.5639664089418688,0.5288869761665298,0.7054916313799712,0.36497995209364775,0.5458863687170068,0.6734423054116111,0.6948708055493953,0.4501905266746092,0.7164790054968042,0.6066339287283544,0.5177546103562554,0.43821585416088954,0.3498842699357895,0.6752488325853833,0.48733542369259497,0.561290556791262,0.5523030704474803,0.7111361481078581,0.3859474990200001,0.5565047420249888,0.2543201376931939,0.7519094864761872,0.5096929975836162,0.6883791752123106,0.31055065153360545
55,0.0007,0.4340936643736703,0.5445920348167419,0.6055575504182023,0.5278557107985778,0.43981795396096995,0.37367191372378594,0.5506955525769516,0.4823111233573909,0.7082033174788069,0.6237554020637336,0.5320407495597994,0.6782002601841387,0.36423605853435237,0.5149359673740619,0.6456329420913282,0.630289090210303,0.4616544762125388,0.7340831152086146,0.5989687006597719,0.5199509780086354,0.4307889769259057,0.35222109584264577,0.6980645266712765,0.7031364812811317,0.5527486571573946,0.41254208845427526,0.6856632010350352,0.3854158942029596,0.5244288264226518,0.25385867795465017,0.7809124836738163,0.537840634699766,0.6376835243609217,0.30030816640928293
56,0.0007,0.4180273243359157,0.640105140209198,0.6301346854238645,0.46635533327136497,0.46610371647447063,0.323093362986547,0.5943914063805129,0.4612515494874439,0.6892208660153281,0.5108986764865743,0.5747022733850707,0.6578464391161293,0.40790232520256287,0.4923379085934563,0.6449740000997304,0.6066301893890901,0.5284630344828833,0.7191300003879342,0.6183227448558063,0.5010623897750583,0.4515570809762658,0.3356569284016477,0.6094152204021489,0.7152345189261374,0.6400088907010438,0.3856652687968028,0.6973790380307161,0.24015717092290734,0.5388517432445834,0.14128525196453703,0.813273377544105,0.21083132114449524,0.6147022939576118,0.27895937927759484
57,0.0007,0.48865231786455426,0.5123789310455322,0.5490954848920286,0.5231663412066412,0.3877013150056729,0.367308616250062,0.4848457488833084,0.44572245757173834,0.6588490039927283,0.6887632249722786,0.5111668678418554,0.6405118466926001,0.34763520509428697,0.47455539008639563,0.5867638073801084,0.6359058883089815,0.4605340055161233,0.6492424108789644,0.5786582861216184,0.5049357014452109,0.41521437464560623,0.33888743979630126,0.7681843692667599,0.7711219721913634,0.48305293895097207,0.37538203460863423,0.557461300712612,0.4240514754821122,0.40025436527712555,0.2884830188674891,0.6215988353313161,0.659261814416491,0.5109503021828299,0.31254292722761645
58,0.0007,0.4856694493974958,0.6124119639396668,0.5848302872398715,0.47054740460773736,0.41771477875403473,0.3240105135748253,0.5455552852842707,0.42910865797020425,0.6656492594148993,0.5652190826812525,0.5627208513670804,0.6349158282161724,0.39321985941427484,0.46962063026594963,0.5907317081647977,0.6270456477078565,0.5486540971833748,0.6460806661751878,0.626662543457401,0.4995869584080637,0.4578525092519247,0.3348108274885357,0.7270011454823438,0.7898948014406915,0.560411581365705,0.36566549873227233,0.5651074668951329,0.2771394271989759,0.40207196759590447,0.1676000829699905,0.6792149245975564,0.27871679889520967,0.527600177303732,0.2755798090031529
59,0.0007,0.48496127639498027,0.5387947797775269,0.5891351806582583,0.5164359545039787,0.42516179963821293,0.3630529649022366,0.5485167091876727,0.44320012486602417,0.6679797250651146,0.6502493151811544,0.5555375090606505,0.6536924537429213,0.38644110932013503,0.4906336434698463,0.6396578128747603,0.6761773121634467,0.5022588869057856,0.6391911594983634,0.6091954270601251,0.52257245756136,0.44315175152255315,0.35529394798701047,0.6684226443280517,0.7428010576660867,0.5998064495025757,0.4031188684733343,0.6026726058539993,0.37304295220765504,0.4458925380719506,0.2432313032498529,0.6958587179925321,0.5317695757139298,0.543484791154657,0.2872903466263748
60,0.0007,0.457673066002982,0.5379301190376282,0.5547595398602616,0.5056984859294401,0.3954550880613531,0.35416665270970005,0.4923885049085857,0.4407734170994855,0.6623173275282375,0.6651486761992216,0.4652124837310936,0.6640906624772318,0.30681864018394034,0.5009059014491818,0.6169686301751285,0.6389730890264229,0.3806622395138558,0.6930087776918549,0.5965438613742458,0.5065098825885523,0.42879666469537525,0.34045739517654766,0.6990052015206875,0.7162521737921466,0.542591130611605,0.39178907790688006,0.6025222744754455,0.3464949127225366,0.45074995930474393,0.22113666150337047,0.6709781508888965,0.6402207657790956,0.5539121446002961,0.23752239569972164
61,0.0007,0.4011635184288025,0.49560592174530027,0.6211095498567932,0.5560219803033496,0.45762512001819655,0.4011239470725563,0.5839107297811891,0.5341988703291357,0.7008754794331475,0.5927378017468566,0.5420542509812023,0.6932913842774227,0.3751076740520348,0.5324395795758817,0.556974782358052,0.6520151220785202,0.5526143706049753,0.7402540820668722,0.6189782622216425,0.5269736798124421,0.45125027382621025,0.36001317287570467,0.7516138749721428,0.5800789316634163,0.5556687668531246,0.48286026621770545,0.702296136367535,0.44780087682018416,0.5465174121763445,0.31091908876608226,0.794037780969248,0.5461193514986337,0.643449051885467,0.37948226270282964
62,0.0007,0.45168752840587073,0.5261047959327698,0.6125754962419823,0.5324284448486026,0.4507241096448088,0.37884933181168484,0.5913497073289017,0.4929060620986362,0.677893423760736,0.5899242871107802,0.5790075110232937,0.6791537433471729,0.4120916461861037,0.5182187595010362,0.6413612953091609,0.7488171042675623,0.5331152693660549,0.6262160639300985,0.641627750065732,0.5200577549232616,0.4788455277709948,0.3533719709773824,0.7017696195025985,0.6359954259174344,0.6262495482371275,0.44038986239687383,0.6170912276369209,0.3980738362753735,0.46123515497732775,0.2649572649566359,0.6905493564704484,0.384960331147344,0.6146843043835224,0.4121122599689361
63,0.0007,0.48470620598111835,0.5651550412178039,0.5260135566202769,0.47450674346019855,0.37611881509599854,0.3221418589715454,0.4648611340055126,0.4236461689637671,0.6873278649280814,0.6038082593386453,0.5082610058198628,0.5638459305420613,0.3456089705731295,0.4009814798601436,0.5879357174843655,0.7423141268015212,0.46369990907373093,0.4695436683557975,0.5131084441602085,0.49351308675067757,0.3675777988884796,0.3280314191767109,0.7285280326866048,0.752587712271043,0.4487835137657188,0.3671307590297502,0.5566712198807596,0.3661612130878568,0.41516967582638653,0.23741267787778159,0.7455198446132741,0.3165229389433718,0.48209997917708813,0.43426407950575363
64,0.0007,0.35904316902160643,0.5157084226608276,0.6737000829335825,0.5228974028331599,0.5154645565018688,0.36772414770999196,0.6406284955856277,0.4656722401429789,0.7300921673724172,0.6022856845366015,0.6150254969991895,0.6451865475691527,0.45286709349603177,0.481600809528632,0.7254780921474965,0.7417945995645706,0.5510239226844208,0.5781334229880627,0.6520973769960211,0.5096464880106623,0.4850419972358325,0.34244176067495824,0.699339155522226,0.6180117469063826,0.6242088964034196,0.4336276494039694,0.7539773748055364,0.41385917291966495,0.608484578773742,0.27912987292638564,0.7654592544475295,0.4470507071388512,0.7466526676690431,0.3852556480369047
65,0.0007,0.4068758862359183,0.5267791271209716,0.5821985406172427,0.5205841057970836,0.4289454464524012,0.36613722123576387,0.5294651755393367,0.48944012184939817,0.6746514457623657,0.5692584186946952,0.477064541169851,0.6658880132562169,0.3172551784613271,0.5011877072595611,0.6530818189564839,0.6435143772097655,0.38289957665184243,0.6902763576128567,0.5972227287189794,0.5054793866179721,0.4304812542884834,0.3390360927741192,0.660904968672895,0.6356993059196069,0.5572107139687,0.41959045917699517,0.6723083519628981,0.39038491751706145,0.539099906607393,0.2581878636736114,0.7099675496577178,0.4285615729547134,0.6482852359974678,0.3584535487583426
66,0.0007,0.4387227714061737,0.4463542938232422,0.5896434267147053,0.5671925804918901,0.4268321515625578,0.4106638522874822,0.5331196109360982,0.562845856883582,0.7033161967710502,0.6104355643042808,0.5220312899462484,0.6341486133708654,0.35689807640621496,0.4651091439118148,0.6257882465548017,0.5462933797914326,0.4558427482831583,0.7561013926684373,0.6374661099659487,0.5263841067451948,0.47430498443538277,0.35814358474906466,0.7420378172621576,0.7170933407190916,0.5963908368481586,0.4158374958377109,0.6094328802319183,0.5410450213596104,0.4492933938460758,0.4087388282015672,0.7421225264961909,0.5679199724023183,0.5471252476769779,0.5165986821445981
67,0.0007,0.36514471002987453,0.5112548232078552,0.6434115594823303,0.5354643857706489,0.48657694877745966,0.3810180116558152,0.6403366831175326,0.5216738874715544,0.677160960990454,0.5720650171930501,0.5334973576302139,0.6787686214097194,0.3660258627094075,0.5146997812352105,0.5295889835471536,0.6103758078933869,0.5542116910030233,0.7647693158010185,0.634633449393248,0.5247354267114653,0.4684091642859386,0.35911329215788196,0.7131129445846552,0.6151672947395428,0.5967603925686075,0.45849357679226516,0.7621038714235289,0.4028891091907621,0.625295819337033,0.2692409615743531,0.7887809548395531,0.49065194894622066,0.7700379657809666,0.3417587698213797
68,0.0007,0.3940190979412624,0.5333112716674805,0.570155600680063,0.5200728461428373,0.41524664691560664,0.3658789138029809,0.5184719679222333,0.5063359675668097,0.681220146326934,0.5774526511845,0.4445586032047568,0.6623970036156805,0.2883110360431707,0.49886578190520964,0.5122547634251458,0.6592178577178837,0.4087286324634172,0.6687277617101012,0.5735464937119149,0.5025986048773128,0.41089266859017565,0.3363337403661765,0.7518426025052539,0.7306771775891261,0.49032572371259864,0.3830801409925266,0.6923617051235167,0.3952229299355191,0.5465362361134735,0.26243721913755635,0.7795630730504017,0.34246291824649033,0.6563615475906839,0.4671999999978015
69,0.0007,0.42418561492647444,0.4727973699569702,0.578783864045607,0.5637059202326715,0.4212522422469269,0.4085888077568136,0.5422842527697197,0.5370245790760044,0.6493834759130049,0.6108506284237281,0.5003029059430724,0.6931174286609375,0.33568532699979997,0.5329912119094767,0.5936135320389703,0.6831573350488244,0.4367583515483693,0.7047630042221608,0.5524143311799268,0.5171061650801803,0.38405691246051304,0.3490049242207488,0.6469726340192621,0.6744721631939877,0.5068902739914833,0.41929269268214203,0.683634355013822,0.4808941669568968,0.5440144872804679,0.34377028714021535,0.7075642616807823,0.47492238702837214,0.6832041327693065,0.4870180403237106
70,0.0007,0.42106512784957884,0.4990210056304932,0.6019404535056749,0.5120059682010611,0.438490132081683,0.3570513953991379,0.5503083557412225,0.46881156296961846,0.6924769244388811,0.6337198804732918,0.5334554389051114,0.6055097368593931,0.36818752220883183,0.44173963465607297,0.6055913691877843,0.6937188894641118,0.48781333833341645,0.5518001124004548,0.6347135565147918,0.48323966716348693,0.47139881783314397,0.31900852841767946,0.7519049830431689,0.8092344739302314,0.5875844468336912,0.3445152658610746,0.6376523650971219,0.44726850058030365,0.47588405620307334,0.3104060231236612,0.7199344210856898,0.39820627802553227,0.5755272820565598,0.5101193106473261
71,0.0007,0.3482243580477578,0.47643771171569826,0.6437417128565794,0.5166140179451872,0.4893196103816993,0.36150300651839223,0.6233447591977055,0.4291765398689301,0.7001946738840518,0.6778661976893624,0.5285857223101164,0.5802202988965461,0.363536665066024,0.41800101190745986,0.6090757746938721,0.7472655408236808,0.49067936585573874,0.4906926734356373,0.6184797332104132,0.49664254015914333,0.4530799548531427,0.33077030273041796,0.7163216266744488,0.7564951771168794,0.5825332470776384,0.36969567809670134,0.7841596830492088,0.47297921477987226,0.6513422112259314,0.33573770491729893,0.7751866202838347,0.5298378751275272,0.7968216646597395,0.42714126807445185
72,0.0007,0.3572490998676845,0.5163570046424866,0.6075763465011065,0.5186814454714493,0.44970531521228524,0.36365052240673007,0.545674097371126,0.475864745781261,0.7192376508860211,0.5930334065980104,0.5067704349608793,0.6381902033468371,0.34905005163563657,0.47440625318549695,0.5895768693473468,0.728754870953441,0.4661249695868473,0.5768592667585902,0.5809170085451287,0.5092178533118525,0.4167093722333094,0.3421463053612718,0.7337260881706004,0.6684205471861642,0.5036647930526653,0.4113698912218569,0.735041595997311,0.4086362797556585,0.5833565217679099,0.2743990086734216,0.8344099951401164,0.38192480165442594,0.6672325294738657,0.4393650793633359
73,0.0007,0.40209543534687586,0.45946856737136843,0.5973622092660472,0.5661882451844246,0.44143915526585364,0.41087989881767345,0.5585490352042632,0.554239181344883,0.6835501061176505,0.5820187278260651,0.5260316864911762,0.6961998053840258,0.360200340323106,0.5350081985874421,0.6541781182615426,0.6911085865680461,0.4456976646641644,0.7016759257123055,0.5926156007162284,0.515931363736532,0.43231520806958607,0.34817156317667985,0.6986434826130087,0.5750579798024565,0.5630928742226476,0.4678831638753148,0.6734393405907372,0.48643356643271596,0.531801917404869,0.34945993468889863,0.6978287174784001,0.47988961710769273,0.6668565667259775,0.4931584544470288
74,0.0007,0.3358556262084416,0.45192775726318357,0.6369984095331869,0.5740952435612291,0.4831545575588123,0.41913684860956446,0.6142811160851867,0.5709613352524131,0.7019465291094,0.5804876742110344,0.5095474276105026,0.6927721547463533,0.34757141760374205,0.5306524546750294,0.5990610328455693,0.6703815776421672,0.45673717547507153,0.7167102132930391,0.6130486867328054,0.5165641867584736,0.4471173754895804,0.3492600176894397,0.7331045595470298,0.5641480196736091,0.5784057525555625,0.47706393729118407,0.7883991142562522,0.5129493891788605,0.6547748795831144,0.37749807346422426,0.7736739949356009,0.5069334253173269,0.8077004202249255,0.5191098551730162
75,0.0007,0.34566646814346313,0.4565332055091858,0.6359452342780214,0.5746805382410393,0.48265155295545836,0.4201557117239384,0.5949686430662782,0.5722609910067341,0.7147494148059743,0.5783057151602284,0.5477429081352212,0.7021173830713789,0.3806737496890988,0.5420693265953221,0.6143641302152818,0.7134521285341683,0.500364296969455,0.6914606478117595,0.622803363411589,0.5160587094781081,0.4677340439908376,0.34852333159001253,0.7875435259267217,0.5335726402665857,0.5440707226567157,0.5001088086860704,0.7372894312872542,0.5058655221736305,0.5995468651864392,0.3698744769864805,0.7423405882759196,0.4878923766799314,0.7404709095726639,0.525213516522372
76,0.0007,0.33020876135144916,0.42614474296569826,0.6435975644618324,0.5891627853064297,0.48476013813951063,0.4360313192690467,0.6007395421770619,0.5594349440137693,0.7166372842261851,0.6282694945841799,0.5486058342018489,0.6868584984632752,0.3787788178818234,0.5252715924046677,0.6650407923790895,0.6908803618913895,0.4742442196053777,0.6837295555529543,0.6193704814083464,0.5237815758140306,0.44966679491863953,0.3557717097080189,0.6518725589398412,0.6210409193795112,0.6211157709540739,0.4528923019304333,0.7628163777753019,0.5568482816419835,0.6258348016180694,0.4270506556944535,0.8329985013596249,0.5728872024816388,0.706858635971734,0.5416829745579202
77,0.0007,0.4019609638622829,0.5370541334152221,0.6446932031067929,0.5005292345090756,0.48865381543236186,0.3453328004763808,0.6150644812145468,0.5164379998679877,0.6963593032646107,0.5492856242555304,0.5878619516032142,0.6229201744407329,0.4186943154000595,0.45403300281708403,0.645258834488833,0.556845232567961,0.5502368891991076,0.7087886978337827,0.7043707435318493,0.48900811177092063,0.5478860501223388,0.32441183202745716,0.7796199980306937,0.7634504121901016,0.6482004359097612,0.35971517519033624,0.641846914185315,0.38965941731557313,0.49938108077468724,0.25755356658460116,0.6641990772743053,0.3275612280085286,0.6467561185347717,0.480810126579844
78,0.0007,0.3891364846910749,0.48381068706512453,0.6268427994616848,0.5650926951259538,0.46452103461717636,0.409973461571987,0.5801445729934325,0.5396404652658828,0.7168774754425354,0.5960835763106849,0.5958463562417973,0.7066008966991497,0.42553442759677185,0.5477254431379652,0.6438092501798757,0.7092202725970812,0.5647568482804086,0.7055856606076533,0.631827920092715,0.5446954059858752,0.46545621583777563,0.374945954635869,0.8255686111409227,0.6082474277060352,0.5203412608460194,0.4932680220487827,0.6528541220505418,0.4439817826928367,0.5025724604169814,0.3072489869421269,0.6812545650068079,0.4707830286289384,0.6553356098538694,0.42006771314121244
79,0.0007,0.392937410729272,0.509218406677246,0.6098063590138637,0.5188501189936437,0.44950132475807286,0.3688335417504914,0.5705351020146466,0.4552227421499789,0.7028754146960188,0.6739798168491345,0.5426111889155457,0.7065005392040952,0.38413460521828235,0.5476650023326902,0.7160409567060839,0.7096668747995469,0.4708800446839353,0.7037539476013682,0.6256053028741358,0.4994149777568179,0.46023655195350077,0.3343152977157754,0.6899713274899827,0.5978193160055815,0.5929399036117934,0.4295867409912854,0.6612025852519093,0.35063484002001805,0.5041328171024355,0.22452032520300863,0.7026139598919899,0.714453259742275,0.6477853577482113,0.23232753785728283
80,0.0007,0.48159625019345964,0.5212530732154846,0.5469020185781637,0.5057798366697825,0.38183860831501926,0.35184525507781933,0.5028100910809294,0.4756250679546615,0.6597883734375801,0.5834839926818414,0.5374097762277147,0.6531835835563438,0.3702253399042996,0.4861377624614063,0.6862967023079495,0.612461037499413,0.4529587334635305,0.70195429697162,0.5548016102679306,0.4786965741734029,0.38877789009050434,0.31550161618139844,0.5702799869590406,0.7356453041211447,0.5938639072053292,0.3549875101285519,0.5484946692388459,0.38545935227960104,0.38651259495025386,0.2538963865906532,0.7227884310457502,0.40234563642496596,0.46160763257392856,0.3699333967638124
81,0.0007,0.3575722447463444,0.4694163680076599,0.6387281159854327,0.5477025944978385,0.47922012532787417,0.39142507025106776,0.613398523162237,0.47893147044940193,0.6842910187681056,0.6623894628452668,0.5265752254687961,0.6738358891096399,0.3603506127411541,0.5107413544197297,0.5685890860680453,0.7100579482658597,0.49540289615914695,0.6490104714121718,0.6472931306817387,0.531557608670111,0.4807714958093724,0.36225558691410503,0.7639842487980738,0.6429607334766813,0.5735977118019204,0.45359015698808663,0.7423159918057631,0.43771428571376464,0.5965382674330961,0.30127826941936864,0.7202997214381976,0.6341497067932592,0.7711949615256435,0.33419378294794727
82,0.0007,0.36516042862619674,0.5055536508560181,0.6112601379751693,0.5064285513909154,0.4555301330406476,0.35147993614790335,0.5480508088547579,0.45154376806737345,0.7414259551131196,0.5915897316687974,0.49649287096616845,0.618444495002869,0.3380282033197773,0.4533799616561859,0.6134134835768595,0.692984015759351,0.4406710388571772,0.5715472155863761,0.6398338075531697,0.4885664392484811,0.47379120146991927,0.3233695580742208,0.7721582070317716,0.6438410605869446,0.560072258220603,0.3936362358562028,0.6974537354061698,0.4122747199213959,0.5547709943322461,0.2776902887133034,0.8387061747307276,0.43794411866009686,0.6434091294864932,0.3894478527595416
83,0.0007,0.3605116154466357,0.49951969385147094,0.6005447418720521,0.5259381673943779,0.4487098290056945,0.3709652510989395,0.5573622989654688,0.4927163623215381,0.700847481116043,0.5768310023031736,0.4376842761970882,0.6698576969865218,0.29428820082630874,0.5052119654429844,0.5530225195433182,0.6489146573073367,0.38168034167954534,0.6929619008365734,0.6260920478382205,0.4871369065330482,0.4609563944127479,0.32218378785442886,0.7904663550322805,0.6088636203868436,0.5330258032424671,0.4059951551384979,0.7378579015808474,0.4208198986635639,0.5908848917780269,0.2854999999994052,0.7590535687725302,0.47271472921534075,0.757380751974394,0.3791920309895429
84,0.0007,0.3650525748729706,0.46853702068328856,0.6144013871722799,0.5536410885827309,0.4590953415814122,0.39778898899432585,0.5723936862863632,0.5429415891463608,0.7056018837811238,0.5722133202781264,0.5495348903493784,0.686660446143673,0.37947717639661643,0.5235955311385877,0.5857073993920258,0.6547050028864182,0.5246017950496029,0.7219033341217531,0.6084092255863656,0.506675436826118,0.44766685310957977,0.3394413948911987,0.7160393090544196,0.5889442715059914,0.5688486593805787,0.44461529710850367,0.6852600455810961,0.46758738277840145,0.5501419952380404,0.3303300409531912,0.8150589428969258,0.4729906864419698,0.6237306044289082,0.46230613620882566
85,0.0007,0.40037878922053743,0.4135575771331787,0.5909586675711903,0.5781945981926015,0.43197518475104085,0.42562591656358656,0.5470658960448455,0.5595562719469704,0.670256398309604,0.6248256138943565,0.48398518011785346,0.6687035282105023,0.3295174668787359,0.5037721657320976,0.5780503387834199,0.6459708823127494,0.42784118519178016,0.6935298438484112,0.6000598462923228,0.4942873141928536,0.4305256978128419,0.32846222731654895,0.7286684722789192,0.6801789500586551,0.5213621407035438,0.3882182059414184,0.6888309763033948,0.5715929521744487,0.5358823895615447,0.44464335664211296,0.7040503838664727,0.5483270093116649,0.6919943622392125,0.5969207660510818
86,0.0007,0.37027743203299385,0.469873833656311,0.6082285503197337,0.5521758373940794,0.4481225369940765,0.39646684911261143,0.5749580193840735,0.5469135846634842,0.6941599885934008,0.58970310569609,0.5745406359523697,0.6778993525829259,0.4058853090906078,0.5147526861845605,0.5932432041393082,0.6922162115354428,0.5664120019280855,0.6657107329599973,0.5368965342735171,0.5039206162360097,0.376267146504919,0.3371657848709035,0.7209203121083577,0.670960025181685,0.48746313426103893,0.40349043871171575,0.7132484807333138,0.47470754336330234,0.5622151553867026,0.3374820762823703,0.7683164495325363,0.405933080371142,0.6709989219630962,0.5715395823187396
87,0.0007,0.3993432777268546,0.4735280990600586,0.5722122416406563,0.5535939727768253,0.4106693099096111,0.3988205951838083,0.5283330255459171,0.5218490002195598,0.6672000162093443,0.5951890521400652,0.5242787593205884,0.6958117726501795,0.36064406740186933,0.5360312002860067,0.6907747291135526,0.7539762553962182,0.4308802383908002,0.6486757934993697,0.5378012983250362,0.5133184940294429,0.37047448501078206,0.3457862338017572,0.628406187448555,0.5906112528709627,0.5041094003865771,0.454018202092195,0.6545566672763447,0.45165165165085386,0.5008893773161819,0.3146443514636607,0.6824191320659251,0.44097964815301494,0.650009437860374,0.46285300506711496
88,0.0007,0.3244064348084586,0.4592790722846985,0.6395384477228103,0.5663044372133412,0.4834471906432111,0.4114796546092035,0.6112341187359345,0.5314691416981734,0.7015635236601292,0.6115337203392379,0.5172972559828735,0.7056624791179201,0.3511129954838412,0.5466455271117752,0.6755384252379087,0.7054368928717717,0.4287803122117746,0.7065415750059055,0.6061825182827493,0.5253735626418091,0.4362946251436805,0.3571739676900183,0.6229688530160502,0.6136761688031184,0.6141340108922108,0.4595482805856861,0.7951355689028082,0.4678772698802945,0.6629339513021114,0.3306194690258172,0.8061832927264283,0.5154880993428235,0.7907880331038181,0.4283175695029283
89,0.000525,0.3202297244753156,0.4480668783187866,0.6129142576136585,0.5672759521812106,0.4602759129499277,0.4113463605580988,0.5680142852593422,0.5438258388886568,0.7258301221551782,0.6220129016208066,0.4849430232245746,0.6817505020119818,0.324901511649786,0.5186058996827624,0.6095499114871458,0.6443347760088891,0.41469579663257516,0.7244576694925577,0.5784129892165601,0.526642662065329,0.41551980347140144,0.35870073133042174,0.770150137516831,0.7291202793209077,0.5059921809895993,0.41273116597055454,0.7753867603998407,0.493434692466321,0.6404064237285957,0.3567324506611123,0.7977903174615574,0.492583649532623,0.7833548781558521,0.4942886812028581
90,0.000525,0.39746010984693253,0.4025945901870728,0.5960173336423538,0.606602653517903,0.43628376521239776,0.45565153837635275,0.5580677760798184,0.601721382420439,0.6904248186378076,0.6258006187429447,0.5445106596947713,0.7037825053216358,0.37827698722533915,0.5443014146298687,0.5964340769986768,0.6833953148074708,0.5192426031297075,0.7259833112062065,0.5847971940608475,0.5399901156417474,0.4222458403030641,0.37261005986200235,0.7140056767073341,0.6542342061351949,0.5384029019529614,0.4616591312430248,0.6587441471714421,0.5760353395903256,0.5083284681087901,0.45004314063718714,0.7608347022074119,0.5397723352861684,0.6165578231567862,0.6175217048120856
91,0.000525,0.3293281538145883,0.3987637281417847,0.6726061707074753,0.6077074630234379,0.5163246983050812,0.45727124104344447,0.6440837649475892,0.5833597909458795,0.7139840344545302,0.6372611094187416,0.6103066390993561,0.7108562786626335,0.4430605474400074,0.5533642900397076,0.6729818721803014,0.7269183568130342,0.5695375176806898,0.696897011464554,0.6302776783882543,0.5408953466251335,0.464157333310793,0.37407492483057986,0.6857127622233673,0.6003875654431372,0.5850587488920116,0.49434331124300196,0.7772341946348151,0.5713707637825469,0.6417562141644433,0.44437450826004626,0.7832574689599217,0.5844774060000535,0.7776550282700665,0.558839050130083
92,0.000525,0.35389050585883003,0.40512306690216066,0.6413304027329633,0.5994800923652943,0.48157372982210395,0.44664832921706765,0.5971546208729107,0.5509768317126973,0.715856659335549,0.6622416204797225,0.5905308540934253,0.703424402224595,0.4204916283357758,0.5447469862714575,0.683441230497778,0.7339756515598752,0.5242079049577041,0.6782219167881774,0.5744078818087489,0.547379849449722,0.4063562989832074,0.37888878620278654,0.6189203668069878,0.643435653482636,0.5718422605601575,0.4774112810540168,0.7590524722967152,0.5476360254215662,0.6178732621473286,0.41630921517695896,0.8452083807018809,0.6093135563966565,0.6954136971008702,0.4972972972958972
93,0.000525,0.3104740355695997,0.490574049949646,0.6763610143753533,0.5458733130182148,0.5234468516665546,0.3894449675157976,0.6513370342500384,0.5562271985990941,0.7231526021142288,0.5958328016393305,0.573770251396831,0.6677681587113177,0.4044064077739587,0.5034157885131143,0.6522143988201496,0.6622477031719575,0.5249046076237436,0.6780126940270785,0.6353981875633171,0.5267483320684199,0.4684052695858023,0.3585107682825838,0.7042219129124062,0.770645665527871,0.5975585875000736,0.40020365191719093,0.8199146041659122,0.4431034482749071,0.6975288776399027,0.3064083457516948,0.813021494610131,0.3546050362181628,0.8315479076262982,0.5904652498530129
94,0.000525,0.34048081125531876,0.4014684796333313,0.6307305402790506,0.5894153434081314,0.47247722554920557,0.43532488465395663,0.5693007889085206,0.5394919984015641,0.7353467628924898,0.6763914141108167,0.5439616968475152,0.6764541729649127,0.3759323106990009,0.5129641160443547,0.6494133649690695,0.6722706457897675,0.47401374118819606,0.6855663935197972,0.6090550896279773,0.5346809592098765,0.4436216671590609,0.3656508909462658,0.7904779314586,0.7555927997182649,0.5125854635636953,0.41394562431222176,0.7391748343616598,0.5571108980496052,0.5978776987895549,0.4273596469712494,0.7661489922497995,0.6013107968244177,0.7213031619736706,0.5189639773726735
95,0.000525,0.3321623759610312,0.396223258972168,0.6133139722977462,0.5977899806947283,0.45727869520811726,0.4449627265717891,0.5505714190543174,0.5606730759092837,0.7371321064847943,0.6684984214945201,0.5323469546175683,0.6832770206932719,0.36894239836473514,0.520874194431102,0.6390942048853655,0.7014233252774441,0.4806599988881593,0.6708842785740722,0.5503752292697186,0.5369755989778331,0.3843641783419443,0.3675230005420919,0.7684947244036053,0.7488459992287282,0.4450628433718225,0.4189348019889229,0.7572197330059519,0.5731173224130797,0.6185295089176726,0.44649098474217347,0.8038073901654119,0.555225939977388,0.7259914149029706,0.5922001471648559
96,0.000525,0.32167142629623413,0.4201679825782776,0.6566305066267276,0.5792762595687269,0.49945741460475657,0.424427263221495,0.6348263159092128,0.5597648360028946,0.694920911651467,0.6426150114693245,0.5551045163716951,0.6785590482816074,0.38539713152677024,0.5147965362044143,0.6301982562406944,0.6682397900599771,0.5132558434694977,0.6928002813491237,0.6425559405898273,0.5209266907862834,0.47537055633999736,0.3528227393049338,0.6706329159157977,0.7653658514556002,0.6242788619519019,0.3954051177511076,0.7722310629186605,0.5383430396382898,0.6376045559475025,0.4056625141551368,0.7839315627979093,0.4942393928923965,0.7669442423062388,0.5910891089084526
97,0.000525,0.37316747052328925,0.4213183164596558,0.5838873410700687,0.5598082141263936,0.4265632838511088,0.40459386505735934,0.5477067511118865,0.5146298792719433,0.6721682559589176,0.6659348927187008,0.4748648257838129,0.6488795008157088,0.3169277338445158,0.4816090305029075,0.6026235036171126,0.6245023516329657,0.41098882643605666,0.6802227507555926,0.5377072318073809,0.4939233664548181,0.3687504214893779,0.3284616271701562,0.6558326606767841,0.8028987390811576,0.5002200486864402,0.3570492400029661,0.7390899656190124,0.5366217751086538,0.5940116962194327,0.4037109374990144,0.7580486035828558,0.5704035874419786,0.7319113782131628,0.5066176470572714
98,0.000525,0.333996091570173,0.43392481803894045,0.6415422294719869,0.5763459805700449,0.4810271824785019,0.42039825555187843,0.5749139467889138,0.5685075438824752,0.7588111454130069,0.6243247206108189,0.5659219863235312,0.6769604107612033,0.398705648909128,0.5131087041552056,0.6404653581724542,0.6804487595440342,0.5193337427114719,0.6750277560526347,0.6323687172240727,0.5342709506907417,0.4641439658892058,0.3653030436336337,0.7621198553037554,0.7446468234696847,0.5660641022638687,0.41688428958634843,0.7263359848683566,0.5178065802581898,0.5802319326371718,0.38278301886679605,0.8738482227628109,0.44787857881873794,0.6393439953914009,0.6136105860084423
99,0.000525,0.34217466456549506,0.4328116297721863,0.6313790273937195,0.5783636125472891,0.47497519216928774,0.42310239307313147,0.5876675139890256,0.5871954318872775,0.7151075639777604,0.5934038333860531,0.51819026199,0.6869913026304666,0.35140313133326284,0.5245187973999754,0.6175919975597639,0.6698612072453165,0.4536733207703551,0.7050396415983243,0.65232259590584,0.5277483777897731,0.48905262387644444,0.3592177135769164,0.7981091864428108,0.660540013507702,0.5659206424514395,0.4394146143125243,0.7236242242853188,0.5203511572216274,0.5844698212981562,0.38557066824250275,0.7296215079307063,0.44981027940514035,0.7434085787452823,0.6171320397509839
100,0.000525,0.27379748140062604,0.4280469059944153,0.6892738967157581,0.5685149711094606,0.5390172503515811,0.41346180611381816,0.6508917242867566,0.5234499718050523,0.7403342648029883,0.6378048773227979,0.5969829843791972,0.6873710291326183,0.4289246844205536,0.5254190217634424,0.6628680914634911,0.66606443774346,0.5477447540480401,0.7100972494722116,0.6306788682624437,0.5143818092071312,0.4629578330160248,0.34730470503648553,0.6828827219624736,0.6355530227886167,0.5951765229139306,0.43205372823272853,0.8401598375056334,0.5037920749886327,0.7251692336181648,0.3676616915415264,0.875251980983,0.6117971714363167,0.809753895898299,0.4281989377102169
